"","baseMean","log2FoldChange","lfcSE","stat","pvalue","padj"
"644139",79.2225783034115,1.32409594333523,0.313178877173433,4.2279222509696,2.35859259826293e-05,0.438957668462714
"1230",53.8759947768317,1.04798600637904,0.258360295109068,4.05629667645578,4.98569242916145e-05,0.463943608995618
"5920",200.72032200375,0.834949905637685,0.212037621741658,3.93774415492628,8.22512240633116e-05,0.510259177014098
"2846",21.9103790919416,1.10205458180686,0.293815722594615,3.7508359732246,0.000176245972450858,0.665437379890454
"358",2125.35098783091,0.90624940558328,0.241843082277926,3.74726205540922,0.000178775288778264,0.665437379890454
"4883",24.6650242853663,-0.878393871757767,0.248225579444289,-3.53869199831966,0.000402114736076408,0.999699094339132
"1536",591.123196258112,0.76687880698876,0.219963322469538,3.4863939968672,0.000489579367868958,0.999699094339132
"4973",226.432151464852,0.977748935660838,0.280478719755163,3.4860004228283,0.000490300229863296,0.999699094339132
"541465",11.655918151967,1.88999940159251,0.556536384388296,3.39600330654008,0.000683775335553237,0.999699094339132
"83690",268.127778424815,0.924331730738735,0.272310365637629,3.39440523527029,0.000687778385157418,0.999699094339132
"6347",57.4901498808227,1.70341323595875,0.503125049962117,3.3856657228397,0.000710058207584402,0.999699094339132
"3128",40.90483856499,1.46356151206524,0.432800152612709,3.38161043435424,0.000720622604761389,0.999699094339132
"390075",1.72277363091361,-3.65122677496467,1.09317468765001,-3.34002133072957,0.000837719552754809,0.999699094339132
"200403",38.1876830657096,1.04061755445388,0.313450459963889,3.31987885605198,0.000900565182949852,0.999699094339132
"60401",65.2264320805652,0.96200017394431,0.290615560831397,3.31021563742908,0.000932241219556278,0.999699094339132
"6283",12.7384490714039,-2.87699368723404,0.870322406867899,-3.30566427398751,0.000947515432502937,0.999699094339132
"7098",64.6312532554637,0.611569935502865,0.185278157745641,3.3008204687703,0.000964025480208504,0.999699094339132
"90102",473.735409129787,-1.22463410502192,0.371627918903717,-3.295323205626,0.000983085402096232,0.999699094339132
"5067",1829.29634889612,-0.396064732246533,0.121945533218009,-3.24788224541579,0.00116267377309342,0.999699094339132
"4318",35.5211357850471,-2.15146046873193,0.663905692378931,-3.24061157093373,0.00119273586488449,0.999699094339132
"1117",90.9016365741421,1.59527579753164,0.4944033865897,3.2266684266375,0.0012524049855131,0.999699094339132
"1144",2.25796017341742,-2.9004334974445,0.902063601611151,-3.21533148246323,0.00130293970251339,0.999699094339132
"167410",733.422385637445,0.683493610210024,0.214132480680538,3.19191935776302,0.00141330785210786,0.999699094339132
"5376",1672.5673562976,0.467428946476563,0.147000236279326,3.17978364054033,0.00147385050515673,0.999699094339132
"721",168.44461716094,1.00876938616124,0.319964198764757,3.15275705861987,0.00161736348990855,0.999699094339132
"2670",85202.0907550766,0.839521645742512,0.268207966418178,3.13011450388304,0.00174738177164358,0.999699094339132
"197021",47.006087410419,0.741038154584202,0.236817616249332,3.12915131196999,0.0017531200578574,0.999699094339132
"4837",66.85797879081,-1.35309960714384,0.434130042322318,-3.11680712052459,0.00182821141975004,0.999699094339132
"6121",19.1552579848641,1.65833672512404,0.536209074471072,3.09270544658323,0.00198340892389701,0.999699094339132
"10878",12.1908638149066,1.16167109360461,0.376943195872389,3.08182003634809,0.00205739181094546,0.999699094339132
"388389",282.806748003579,1.03581034620778,0.336361491118438,3.07945580441922,0.00207379136444577,0.999699094339132
"55026",153.768451717452,0.7411280291261,0.24146989757106,3.06923569596496,0.0021460720542353,0.999699094339132
"720",3949.58664098559,0.965630161812119,0.314974906667112,3.06573679798774,0.00217134363143912,0.999699094339132
"960",1107.96155588763,1.23797901982678,0.404207355205078,3.06273254032867,0.00219325992875474,0.999699094339132
"57623",562.663262432863,-0.357623871903284,0.117631024893199,-3.04021725754733,0.00236407546832819,0.999699094339132
"3111",62.543131173088,0.908251812078976,0.301727413192015,3.0101733298624,0.00261098642338966,0.999699094339132
"3113",484.675868020452,0.862661127958807,0.286946112917309,3.00635237462654,0.00264402403248527,0.999699094339132
"56961",135.452545860533,-0.700214578689954,0.233286623096287,-3.00152048752896,0.00268634961900711,0.999699094339132
"79971",1988.2988301768,0.354243834053745,0.118899721833704,2.97934956104605,0.00288861034516693,0.999699094339132
"1524",302.015709698191,0.748314182908308,0.252551519071296,2.96301596466365,0.00304640768474463,0.999699094339132
"122618",127.031699928094,0.711987100707518,0.242533082788415,2.93562879142823,0.00332872397260763,0.999699094339132
"3992",2630.93567669101,0.427313576077154,0.146741557602438,2.91201472206571,0.0035910570977315,0.999699094339132
"2210",15.8961101001981,0.838205046928227,0.290249274553455,2.88787990329277,0.00387847926542664,0.999699094339132
"56001",5.5957775609666,2.17879062726654,0.756305088766047,2.88083560408321,0.00396622453047601,0.999699094339132
"50940",98.2310916405746,0.460921806990215,0.160029495416402,2.88023033373242,0.00397384736957366,0.999699094339132
"1301",1703.10858107815,-0.789685833421331,0.27501067027208,-2.87147343279467,0.00408563123091412,0.999699094339132
"6289",7.86664868875233,-2.16599361621456,0.757477852668381,-2.85948111695197,0.00424334680201243,0.999699094339132
"5196",1.8822840587588,-3.13256684728432,1.09570372456225,-2.85895427482994,0.00425040046277429,0.999699094339132
"130576",23.2472323058047,-0.693019111302962,0.243217168543258,-2.84938401122659,0.00438039744016876,0.999699094339132
"164118",8.24828550959455,-1.58028597492933,0.558353971910054,-2.8302583207627,0.00465104350946446,0.999699094339132
"94025",10.2414007239645,-2.38006387263999,0.841603960781772,-2.82800935303243,0.00468384380721934,0.999699094339132
"89766",33.8635019792045,-0.764311988509381,0.270798381104243,-2.82243928266012,0.00476598457182132,0.999699094339132
"55374",182.352706413888,0.335334833816861,0.119123308214427,2.81502284349965,0.00487737668024196,0.999699094339132
"972",2310.3778744924,0.73733511093116,0.262141765989913,2.81273420184227,0.00491222370444451,0.999699094339132
"6285",3728.48533477645,0.449411682064223,0.160003584736592,2.80876008374483,0.00497326933204653,0.999699094339132
"3122",779.232810468626,0.791243475763874,0.28171375680266,2.80867886873604,0.00497452398144347,0.999699094339132
"57126",19.6691626244442,-1.35485927998839,0.482420150048313,-2.80846328631319,0.00497785579317966,0.999699094339132
"10060",1537.9705130918,0.593274642310106,0.21131062831433,2.80759489971132,0.0049912970948308,0.999699094339132
"3481",410.915422324734,-1.39753071314294,0.499732260512074,-2.79655892479485,0.00516499916100049,0.999699094339132
"135228",657.215111635023,0.639260957286302,0.229500400575658,2.78544593248133,0.00534541537620357,0.999699094339132
"151790",376.681109840953,0.579957953885647,0.208825946245278,2.77723129866465,0.0054824149470753,0.999699094339132
"183",2978.88856676167,0.470381547504847,0.169457847679302,2.77580267864042,0.00550656170595115,0.999699094339132
"64218",589.141723787997,-0.407216851267173,0.147049846215167,-2.76924363913529,0.00561866018417842,0.999699094339132
"65217",892.246157139805,-0.869306681862661,0.314195733405043,-2.76676793934054,0.00566150397392258,0.999699094339132
"78989",39.5263434119741,-1.79707647454556,0.649703876445854,-2.76599315426022,0.00567497261128086,0.999699094339132
"112483",446.910186356753,-0.387580427784175,0.140281374126744,-2.7628787513444,0.00572940454484555,0.999699094339132
"155051",10.2533638638548,-1.32604571230448,0.48102767532829,-2.75669318069794,0.00583891110414652,0.999699094339132
"503645",5.02581481384698,1.26002968725352,0.459393939224229,2.74280868698728,0.00609161645407921,0.999699094339132
"1281",197.112378375819,-1.48147345258148,0.540332228738073,-2.74178250673926,0.00611067880156889,0.999699094339132
"164153",7.07689817673313,-1.48171576647651,0.542648570262112,-2.73052551444262,0.00632334382396745,0.999699094339132
"283420",30.4307413835643,1.08001265702507,0.396354677929969,2.72486416122455,0.00643279470909619,0.999699094339132
"1583",33.2616788793153,0.746953854093113,0.274229399112641,2.72382850456634,0.00645300048340586,0.999699094339132
"8470",2113.49773943671,-0.240476382349404,0.088811645901381,-2.70771225900301,0.00677487325290464,0.999699094339132
"3985",842.426766760515,0.538497797661142,0.199458079281278,2.69980438797742,0.00693802560313499,0.999699094339132
"10631",125.275415698521,-0.746581761102126,0.276763221693426,-2.6975468652736,0.00698524516509106,0.999699094339132
"4093",356.630944144368,0.50649205147132,0.187903368171088,2.69549213726788,0.00702847365649209,0.999699094339132
"4013",669.517027932317,0.399003163805219,0.14838662944812,2.68894283325386,0.00716786931943907,0.999699094339132
"80830",455.92617831559,0.703081206287317,0.261876503585951,2.68478155412885,0.0072577224719156,0.999699094339132
"441521",2.96678080467363,2.40971675757707,0.901808674739275,2.67209312249491,0.00753797266133876,0.999699094339132
"1277",155.126612287199,-1.4083724034696,0.527292943821456,-2.67094870123367,0.00756372051654046,0.999699094339132
"57419",330.602897622682,-0.472944669294035,0.177095157922681,-2.6705680428627,0.00757230224934964,0.999699094339132
"121340",10.8250842917642,1.07904082189298,0.4047160550795,2.66616757193144,0.00767214406115903,0.999699094339132
"1234",12.1147467859306,1.08012360887147,0.405963592271068,2.66064156844454,0.0077991932830091,0.999699094339132
"9501",80.371112345024,-0.608420681840709,0.229625111306209,-2.64962607260044,0.0080580901291313,0.999699094339132
"5319",1.48406209468793,-2.7071033205942,1.02295786888666,-2.64634879199912,0.00813658724546552,0.999699094339132
"440270",5842.17263185991,-1.1847160391894,0.448076227016275,-2.64400556815608,0.00819313083479211,0.999699094339132
"64220",11.8197506842138,-1.59149337254911,0.603040582989988,-2.63911487458802,0.008312280907025,0.999699094339132
"1294",1656.67671228108,-0.937039706472405,0.355645220355926,-2.63475973481276,0.00841968584538492,0.999699094339132
"10518",98.8336790034644,0.4407587768072,0.168428625233763,2.61688757594184,0.00887355619160954,0.999699094339132
"148930",14.3559201861737,-0.961468293949896,0.367566192783255,-2.61576911268564,0.00890267350266177,0.999699094339132
"388512",15.1793671330711,1.00005328034683,0.382415753669098,2.6150943593505,0.00892028081641585,0.999699094339132
"56265",17.7955049764193,-1.40437016477983,0.538714439823522,-2.60689163119497,0.00913682721254532,0.999699094339132
"4236",493.574717458752,-0.170281875128315,0.0653476756514631,-2.60578319627658,0.00916644620826278,0.999699094339132
"347689",4304.45070700415,0.501234771776908,0.192382969491165,2.60540095156357,0.00917668019964417,0.999699094339132
"5959",15.7173387948191,0.722452688609989,0.277805466718777,2.60057045364528,0.00930689062631958,0.999699094339132
"51673",688.200505550589,0.571471997531176,0.219907429901651,2.59869344926979,0.00935793006895382,0.999699094339132
"343450",1208.30034003191,-0.367515373043452,0.141931458209206,-2.58938629730512,0.00961471690395377,0.999699094339132
"3115",271.483956704649,0.546331933466878,0.211112601770295,2.58786983290237,0.00965714659668719,0.999699094339132
"3136",106.270611756401,-0.964597222498422,0.373306109914697,-2.58393098017828,0.00976813399214323,0.999699094339132
"10261",90.3570689749267,0.428415689478573,0.166030626526673,2.58034134087754,0.00987026997774227,0.999699094339132
"56917",556.163477637757,-0.621569473689767,0.241030042294799,-2.57880498120453,0.0099142740158674,0.999699094339132
"10437",94.1307627574205,0.9609871781629,0.373772729890648,2.57104679210827,0.0101391626518541,0.999699094339132
"27233",214.902651864693,0.404690580667489,0.157722604745778,2.56583754319669,0.0102927022270781,0.999699094339132
"5375",5436.43606808994,0.450848426622364,0.175742315837416,2.56539481953484,0.010305846173246,0.999699094339132
"80700",1573.58096139023,-0.248679437160001,0.0971240075487363,-2.56043220864023,0.0104542057340659,0.999699094339132
"1564",120.589325901274,-0.990580034630933,0.387893609581571,-2.55374156769299,0.0106572323851451,0.999699094339132
"135152",378.759602645376,0.394875502564097,0.154633779082571,2.55361735907161,0.0106610344025903,0.999699094339132
"4606",15.0972616651567,-1.18620748959698,0.464960161634641,-2.55120242006686,0.0107351956079168,0.999699094339132
"9052",12.8405450704472,-1.82506891232871,0.715544302908149,-2.55060225469084,0.0107536973076721,0.999699094339132
"55127",1929.37664837707,0.131146050039796,0.0517120808886844,2.53608146850833,0.0112100651746575,0.999699094339132
"3371",637.934440057837,0.808295866647946,0.319291372405564,2.53153055955814,0.0113565920890492,0.999699094339132
"219681",116.587476633003,0.521265437286075,0.206023023977645,2.53013195914761,0.0114019635350758,0.999699094339132
"389125",86.6087078967169,-1.00186371405022,0.396912263528294,-2.52414401395487,0.011598040465747,0.999699094339132
"762",212.145329434204,-0.502208752551551,0.198969829351906,-2.52404474682101,0.0116013160523455,0.999699094339132
"5010",2047.90732713955,0.538503844958319,0.21354120890582,2.5217795090587,0.0116762870991585,0.999699094339132
"10888",227.114977290543,-0.548631004062971,0.217593544299318,-2.52135699075835,0.0116903183666007,0.999699094339132
"8908",205.596352039367,0.396804706623529,0.157389121508124,2.52116984211673,0.0116965381011177,0.999699094339132
"26018",4783.48933668794,0.430407991744202,0.170814205311767,2.51974354801832,0.0117440363547649,0.999699094339132
"128218",180.299148254288,0.530624256674571,0.210995038784065,2.51486603539346,0.0119077621242908,0.999699094339132
"57801",112.618611143241,-0.571103545067685,0.227360772084784,-2.51188250211746,0.0120089065094715,0.999699094339132
"26188",1.87522604810202,-2.63703680728061,1.05072440571416,-2.50973213617158,0.0120822773278207,0.999699094339132
"770",2691.77635775475,-0.336547599930393,0.134259388632602,-2.50669694952469,0.0121865144976187,0.999699094339132
"3730",891.496930378985,0.584545173895828,0.233193605863272,2.50669469144262,0.0121865923424708,0.999699094339132
"9955",13.4716227965392,0.747609253117304,0.301043823545417,2.48339010683777,0.0130138481625158,0.999699094339132
"6319",14373.6136765975,0.539806532909493,0.217511876699826,2.48173360048033,0.0130744981008511,0.999699094339132
"4735",5939.31087862178,0.387842381444473,0.15659546205829,2.47671532972077,0.0132597613452861,0.999699094339132
"100133941",107.088357302026,-0.951246032629152,0.384698933478219,-2.47270254697238,0.0134095701959316,0.999699094339132
"4129",2077.00557225954,0.541892800857352,0.219554901588917,2.46814257816919,0.0135816210868984,0.999699094339132
"283120",29.3703151400785,-1.68194907810022,0.681644652077744,-2.4674866486129,0.0136065295506408,0.999699094339132
"26287",50.3769052091544,-0.769303012897589,0.31185177385466,-2.46688676286359,0.0136293451120802,0.999699094339132
"1600",268.478745828738,-0.395527101779607,0.160372749507875,-2.46629868848251,0.013651744246626,0.999699094339132
"93099",74.6915909654442,-0.468916094728022,0.190161063175898,-2.465889109456,0.0136673638849773,0.999699094339132
"2917",1032.88142582584,-0.453614135780257,0.184252817400413,-2.46191153101597,0.0138198750912374,0.999699094339132
"653316",1192.92732689447,-1.15281566281672,0.468566173445194,-2.46030492201453,0.0138819016937896,0.999699094339132
"1297",306.8861562597,-0.88438658327103,0.359496578080119,-2.46006954501228,0.0138910095425291,0.999699094339132
"219409",0.943319145583551,-3.07461745396266,1.25056983027148,-2.45857318762855,0.0139490341594274,0.999699094339132
"1287",3852.38632836332,0.590283030995067,0.240106298525792,2.45842376738676,0.0139548399977631,0.999699094339132
"79937",510.504524296762,0.261948556836618,0.106767140732457,2.45345670062498,0.0141490572441766,0.999699094339132
"84935",20.8385446462211,-1.35308029578834,0.552549137645713,-2.44879632163305,0.0143334475328356,0.999699094339132
"254427",17.5929177345695,-1.07742354903289,0.440145695586852,-2.44787932685868,0.0143699774489752,0.999699094339132
"64834",907.242987418435,0.394489480562496,0.161312524342208,2.44549815441253,0.0144652188944215,0.999699094339132
"4922",1.73893183777854,2.12765287281266,0.871097845265128,2.4424958509283,0.0145860972775099,0.999699094339132
"7837",469.309091356408,-0.89589430213238,0.367088720373846,-2.44053890084117,0.0146653663743156,0.999699094339132
"1512",797.061238565097,0.34324887661775,0.140652193115854,2.44040899053042,0.014670641995361,0.999699094339132
"84281",529.404222734677,0.505106825025881,0.207110821614109,2.43882391605302,0.0147351462780739,0.999699094339132
"347735",10.6503501696282,0.97620767666084,0.400390592155409,2.43813839732261,0.0147631206664518,0.999699094339132
"135924",26.2155715806049,0.796823335759328,0.327468675022123,2.43328109384965,0.0149626799266947,0.999699094339132
"51733",19.2314313705257,-1.05437102924849,0.433593930242961,-2.43170154309512,0.0150280848741199,0.999699094339132
"10768",10113.0781172169,0.397019017118251,0.163375067604859,2.43010774494971,0.0150943348890438,0.999699094339132
"10964",432.275502238865,0.68573042152033,0.282383660642988,2.42836437476206,0.0151670966648059,0.999699094339132
"284",168.334311647229,0.602205606379358,0.248021428796042,2.42803861465768,0.0151807268748212,0.999699094339132
"343521",14.8827114344366,0.832652142736372,0.343633408262139,2.42308263025808,0.0153894257810827,0.999699094339132
"7475",9.22585043219826,-1.16140604775298,0.480370735735286,-2.41772856120234,0.0156177222184372,0.999699094339132
"121256",1026.38504187802,-0.399094434965615,0.165146673598227,-2.4166059556037,0.0156659660421578,0.999699094339132
"150280",6.9636129496261,1.20818210915462,0.500878297175782,2.41212708948859,0.0158597521521935,0.999699094339132
"26270",174.29808676835,-0.482370322607146,0.200367690462578,-2.40742567573407,0.0160654319353494,0.999699094339132
"55545",1.33799370739583,-2.22655746953682,0.924948939640585,-2.40722203584774,0.0160743936157413,0.999699094339132
"154664",7.10805536923723,1.38500682661882,0.575475537509871,2.40671711713734,0.0160966327796358,0.999699094339132
"9415",2136.48520229325,0.37614424369883,0.15637502636659,2.4053984350227,0.0161548417866397,0.999699094339132
"713",580.795120249655,0.793592434070276,0.330855332923866,2.39860856120125,0.0164574972410504,0.999699094339132
"165186",279.045287115812,-1.11495770504099,0.465406095838933,-2.39566631165668,0.0165901859875596,0.999699094339132
"64061",2746.0543740938,-0.439833384400384,0.183667839678736,-2.39472182593165,0.0166329788825056,0.999699094339132
"2318",1023.04851250641,0.449244982148616,0.18785508716657,2.39144432511573,0.0167822290574482,0.999699094339132
"6035",1278.67882504775,0.593211316276309,0.248062825342483,2.39137531170704,0.0167853843745641,0.999699094339132
"57159",82.1961449527114,-0.907188228318679,0.379540779322842,-2.39022597239021,0.0168380091803293,0.999699094339132
"26253",27.7344717815027,-1.47694637556081,0.619114327430119,-2.38557938352269,0.0170522416924035,0.999699094339132
"254272",12.9080605140869,-1.54864977963253,0.649435177006689,-2.38461024974102,0.0170972241621473,0.999699094339132
"23345",40607.0839558906,-0.51530256482887,0.216283645720475,-2.38253134263719,0.0171940682384064,0.999699094339132
"54915",786.838681713245,0.251282800517258,0.105621628031474,2.37908471210441,0.0173556869456472,0.999699094339132
"4885",581.337519490519,-0.711423421296799,0.299053665698148,-2.37891556900319,0.0173636525508874,0.999699094339132
"4604",1312.53874067403,0.466598289983964,0.196220530834719,2.37792797725632,0.0174102261189775,0.999699094339132
"10562",29.9808272746747,-0.629388015266631,0.264690358570418,-2.37782750632071,0.0174149703334014,0.999699094339132
"3589",7.71289362329196,-0.935683188687176,0.393594345525295,-2.37727802577652,0.0174409367360098,0.999699094339132
"91156",78.2401242363416,-1.13505367392533,0.47814333487858,-2.37387743617416,0.0176023923412565,0.999699094339132
"1305",49.079220623157,-0.886059556618919,0.373350975890999,-2.37326165949974,0.0176317683078618,0.999699094339132
"3101",83.9122260452217,-1.09171242004872,0.461482298445833,-2.3656647800476,0.0179977321776186,0.999699094339132
"170689",19.721913976531,-0.803707504080325,0.339788620894649,-2.36531612496085,0.0180146864400584,0.999699094339132
"64131",1338.88396693003,-0.332135739977991,0.140510310614341,-2.36378197817528,0.0180894546395741,0.999699094339132
"6773",3695.43155336517,-0.62908539271633,0.266298572401582,-2.36233107463926,0.0181604158038656,0.999699094339132
"4547",53.4458399140147,0.616980328477649,0.261299751115413,2.36119753594842,0.0182160246993333,0.999699094339132
"115123",90.9134692069638,0.534237851397359,0.226375647054819,2.3599616758599,0.0182768230909566,0.999699094339132
"373156",876.64185315419,-0.356401016179537,0.151056322734557,-2.35939158141577,0.0183049288316864,0.999699094339132
"80763",158.595498085726,0.59388011707709,0.251897325833619,2.35762771641869,0.0183921274127145,0.999699094339132
"780",3152.37350767787,0.376377673094521,0.159926498334347,2.35344159357291,0.0186005297369178,0.999699094339132
"51557",1.58930497463597,2.71384256394551,1.15929454976119,2.34094308862623,0.019235098951359,0.999699094339132
"80737",288.860337033519,-0.46826739991212,0.200077899046378,-2.34042541502086,0.0192617853027862,0.999699094339132
"3109",125.976518093336,0.58772360611782,0.251193476681228,2.33972479653068,0.0192979540891198,0.999699094339132
"10329",207.708327110511,0.278172959640877,0.118901713219721,2.33952019788677,0.0193085274970781,0.999699094339132
"4864",2993.78512925311,0.455579635720525,0.194781491186728,2.33892672730275,0.0193392259775779,0.999699094339132
"400935",9.71846924038537,-1.70598124082889,0.72945919521247,-2.33869317437555,0.0193513186705651,0.999699094339132
"1241",33.4561079338824,0.486881611132354,0.208723741520618,2.33266042274477,0.0196659749476064,0.999699094339132
"11217",564.182154727205,-0.218274184924248,0.093729696204732,-2.32876232146827,0.019871660501438,0.999699094339132
"4887",58.8607869541197,-0.890473401558662,0.38298968317568,-2.32505845634018,0.0200688346565545,0.999699094339132
"11035",22.6850113536151,-0.926861893462264,0.399068535625233,-2.32256319584334,0.0202026297961885,0.999699094339132
"55388",8.93982934174455,-1.77395694625815,0.764096044058035,-2.32164131728369,0.0202522571841887,0.999699094339132
"129642",2301.79224609469,0.286710940896029,0.123510248338401,2.32135344842381,0.0202677757739074,0.999699094339132
"50509",3348.07300584251,-1.02926178902315,0.443988832558365,-2.3182154899985,0.0204376126013588,0.999699094339132
"146547",19.5980120583853,-0.568710395419743,0.245510664839363,-2.31643865977003,0.0205343299817544,0.999699094339132
"1890",129.147762358473,0.821094406366112,0.355163653377765,2.31187622538832,0.0207845052401926,0.999699094339132
"4283",3.58602019106782,1.81331277417393,0.784625631723811,2.31105472579338,0.0208298322859739,0.999699094339132
"51530",278.335679003986,-0.219047718403018,0.0948011035519751,-2.3106030435914,0.0208547909859202,0.999699094339132
"84691",10.6166880722273,-1.14118119402009,0.494139305842486,-2.30943213892775,0.0209196133199488,0.999699094339132
"253868",20.8677928325107,-0.981078600766199,0.425270068061153,-2.30695427317288,0.0210573694160962,0.999699094339132
"57795",1333.26449711755,-0.344813745548845,0.149823317449758,-2.30146916660336,0.0213651262670815,0.999699094339132
"5657",6.22402673789748,-1.45299771412847,0.632144964518882,-2.29851979479791,0.0215322225809595,0.999699094339132
"23569",28.3384487200243,-1.13972198286343,0.496260830208349,-2.29661886146633,0.0216405217146157,0.999699094339132
"137902",81.5071731526677,-0.539625109499809,0.235268025444645,-2.29366106371634,0.0218099749084483,0.999699094339132
"5354",66829.5939657667,0.703303467145204,0.306694889710934,2.29316982688587,0.0218382295527017,0.999699094339132
"5116",5112.96690369424,-0.751318359507129,0.327676194118967,-2.29286830411108,0.0218555881168894,0.999699094339132
"494514",54.6515329762036,0.719155276504113,0.313751778902583,2.29211537547139,0.0218989863958664,0.999699094339132
"9749",1275.8911029586,-0.274351648457679,0.119761407424946,-2.29081850620045,0.0219739128454838,0.999699094339132
"7568",79.8248400879232,-0.366092810400433,0.159961405246718,-2.28863212245346,0.0221007358800095,0.999699094339132
"9033",146.739192071301,-0.764452040263577,0.33406804121737,-2.2883123973124,0.0221193350641395,0.999699094339132
"340547",21.1849742433281,-1.04157385660358,0.456127754101947,-2.28351343946236,0.0224001421272858,0.999699094339132
"3880",21.3183922675288,-0.925902046822178,0.405954847149319,-2.28080057012255,0.0225602506402343,0.999699094339132
"2526",202.236054543545,0.258501134774233,0.113338099518316,2.28079644773344,0.0225604946909082,0.999699094339132
"7855",267.488361078577,0.484643120040871,0.212513763711692,2.28052579548854,0.0225765226694188,0.999699094339132
"5368",50.5953649580168,-0.851723018548841,0.373670197494845,-2.27934425667059,0.0226466091545183,0.999699094339132
"3875",13.5734645363486,-1.34944153633352,0.592031692006955,-2.27934003289416,0.0226468600391594,0.999699094339132
"4256",391.969889686208,-1.69502059068134,0.743905720074551,-2.27854221972035,0.0226942920285151,0.999699094339132
"126661",20.5298939613914,0.735636129888499,0.32285959878009,2.27850165418053,0.0226967060559133,0.999699094339132
"6754",9.08777522338185,-0.77710082974027,0.34152788770203,-2.27536566623883,0.0228840032169147,0.999699094339132
"400451",260.912740442972,-0.230132042814132,0.101150036019221,-2.27515532244003,0.0228966139316158,0.999699094339132
"60312",1180.31503034889,-0.272544904551834,0.119924664047631,-2.27263429684145,0.0230482270542557,0.999699094339132
"7804",1313.88239719448,-0.431107552239796,0.189713935906725,-2.27240845633899,0.0230618514359797,0.999699094339132
"55083",375.021321180142,-0.423096533324795,0.186413537745891,-2.26966634741699,0.0232278347213021,0.999699094339132
"79166",1.64148782089749,2.04009730622027,0.899392117755569,2.26830685520275,0.0233105103948258,0.999699094339132
"80761",10.0524517755127,-0.819505513861519,0.36130690906304,-2.26817006070187,0.0233188434954078,0.999699094339132
"84818",464.017701625521,-0.456790681072109,0.20148829995299,-2.26708290843034,0.0233851614637438,0.999699094339132
"85004",272.101370494805,-0.484790240863159,0.21393894118244,-2.26602150213386,0.0234500667708881,0.999699094339132
"390243",1.34455785937415,-2.26844027839111,1.00119302441318,-2.26573719859932,0.0234674785423288,0.999699094339132
"51285",314.33609064887,0.660863168026651,0.29211586440341,2.26233234328555,0.0236768775676287,0.999699094339132
"5473",7.42994547207203,-1.3314077015487,0.588928267144424,-2.26072983048409,0.0237759920764355,0.999699094339132
"150084",24.0507530735315,0.699311289984969,0.309613841871235,2.25865641457918,0.023904765647713,0.999699094339132
"51127",312.291962604008,-0.771115713300281,0.341603440619194,-2.25734176418876,0.0239867275919722,0.999699094339132
"55107",111.374781822641,-0.667631754659003,0.295773987181426,-2.25723621276228,0.0239933187571932,0.999699094339132
"84186",813.350657488102,-0.204354125524255,0.0905607807287521,-2.25654111945366,0.0240367631414707,0.999699094339132
"90273",13.4772473719833,-0.723861773995721,0.320873642941323,-2.25590910914453,0.024076323933921,0.999699094339132
"344561",6.48386188411267,0.947317400510869,0.420260768904004,2.25411808716139,0.0241887400946259,0.999699094339132
"1847",108.514027967843,-0.581712366698802,0.258138934524053,-2.25348558043498,0.0242285489035493,0.999699094339132
"1606",486.541520957046,-0.427857698115977,0.189887995329708,-2.25321088557007,0.024245855373723,0.999699094339132
"3680",799.520357614379,-0.369747988838644,0.164162577854619,-2.25232811077132,0.0243015449896389,0.999699094339132
"116173",421.161253149777,0.571625639148445,0.253964576264436,2.25080854801281,0.0243976659095735,0.999699094339132
"51209",7451.63580903406,0.657803162716396,0.292262766753367,2.25072516086697,0.0244029501405754,0.999699094339132
"54149",991.34020822219,0.476093706250128,0.211617798785008,2.24978101550812,0.0244628497182125,0.999699094339132
"91522",194.3718586012,-0.56120988333881,0.249665641603337,-2.24784587793,0.0245860192882407,0.999699094339132
"1440",4.40321182613645,-1.80404032433913,0.803183910667919,-2.24611113392313,0.0246968903684784,0.999699094339132
"3596",1.84773676056486,-1.6990310585817,0.75702889202438,-2.2443411030698,0.0248104628537652,0.999699094339132
"8460",679.091889620155,0.423232642805803,0.18861640459812,2.24388034385225,0.0248401011647762,0.999699094339132
"92235",18.4162976006653,-0.787962277674854,0.351191297439024,-2.24368395065844,0.024852743463487,0.999699094339132
"23368",1344.10925618635,-0.391958178007109,0.174770754648335,-2.24269889316314,0.0249162380685744,0.999699094339132
"10144",2520.88250938611,-0.302736581671947,0.135529925382026,-2.23372499334449,0.0255011734445775,0.999699094339132
"9516",449.166298198872,0.397013889917694,0.177783521408657,2.23313098296163,0.025540307975288,0.999699094339132
"9706",3120.94144266082,0.14186380621875,0.0635567403047941,2.23208121653856,0.0256095956333635,0.999699094339132
"187",708.333361630233,0.805313506552157,0.360863328488501,2.23163021281565,0.0256394130987843,0.999699094339132
"23180",1037.1704853428,-0.266624949454843,0.119521096566056,-2.23077730304697,0.0256958841096233,0.999699094339132
"1135",66.8661683282786,-0.451343813691548,0.202351354888057,-2.23049563439413,0.025714556958235,0.999699094339132
"25987",46.2559586698554,-0.838156052051386,0.375898659327491,-2.2297394025052,0.0257647484100447,0.999699094339132
"51338",48.9335279261073,0.891300043659603,0.400237217168488,2.22692944440594,0.0259519896149536,0.999699094339132
"55273",55.1328958341571,-0.889875821300891,0.400390831894027,-2.22251797597708,0.0262483205775461,0.999699094339132
"6274",3.10324308166438,1.73338309843583,0.783091393676,2.21351315112653,0.0268622875753337,0.999699094339132
"9314",130.003687050488,-0.838283557597725,0.379587463208488,-2.20840685967887,0.0272159240488814,0.999699094339132
"145741",10.0470245873718,-0.919126905454119,0.416381099519489,-2.20741745125993,0.027284908281807,0.999699094339132
"29919",937.857325898549,0.212352002128154,0.0962134774032781,2.20709206089789,0.0273076283242254,0.999699094339132
"677841",360.957753532758,-1.37428737641333,0.622852544410674,-2.20644097667394,0.0273531386159261,0.999699094339132
"143187",1530.17997866053,-0.391031505545339,0.177449675932184,-2.20361915845245,0.0275511387771311,0.999699094339132
"168433",47.2363686052638,-0.470802101229564,0.213811177541817,-2.2019527072549,0.0276686492867361,0.999699094339132
"11092",188.545499033063,0.258014738068361,0.117382239898614,2.19807304998792,0.0279439006746811,0.999699094339132
"654341",2.38221875659301,2.58169361753888,1.17542103956793,2.19639901842142,0.0280633958631997,0.999699094339132
"4352",30.552578311879,0.517404683766939,0.235846650960895,2.19381823595506,0.028248479289786,0.999699094339132
"6876",840.692453366861,-0.812906074051101,0.370638133053452,-2.19326076179503,0.0282885969676917,0.999699094339132
"4635",0.899876639656265,-2.65380254726179,1.21173489630546,-2.19008510471486,0.0285180652844597,0.999699094339132
"29841",207.676207004576,-0.431231707059106,0.197263814503146,-2.18606594496442,0.0288107810597407,0.999699094339132
"93611",1782.18378914109,-0.371184555584423,0.169873047179961,-2.18507033191201,0.0288836901582974,0.999699094339132
"146183",31.9914965866602,-0.472760276800152,0.216619923210333,-2.18244134608575,0.0290769756608989,0.999699094339132
"389289",14.7399482638439,-0.918875376884484,0.421207354371779,-2.181527381579,0.0291444314653175,0.999699094339132
"7480",207.114142612435,-0.506353316606388,0.232660148638004,-2.17636462269361,0.0295280069194577,0.999699094339132
"1730",1042.71278950459,-0.499969109804832,0.229816314435048,-2.17551617705598,0.0295914571902082,0.999699094339132
"22915",72.275191840636,-1.33655446823012,0.614365263329391,-2.17550461916908,0.0295923223456851,0.999699094339132
"728747",733.167244099961,-1.05594793792333,0.485762692034667,-2.17379381998314,0.0297206228738873,0.999699094339132
"171483",0.807835189587653,-2.64804270514405,1.2187379401535,-2.17277448900174,0.0297972942611189,0.999699094339132
"8972",81.8822561274352,-0.917064883306752,0.422629059736722,-2.16990493715231,0.0300140482445751,0.999699094339132
"116071",6.10704583816472,-2.24351754030617,1.03421884815398,-2.16928703659841,0.0300608987998921,0.999699094339132
"9752",123.121816479524,0.443963800087067,0.204891212597478,2.16682694420508,0.0302480521266658,0.999699094339132
"361",22179.7553794216,0.660290998329513,0.304741868334225,2.16672228840357,0.0302560360458336,0.999699094339132
"6361",1.49247642077427,-1.82199516612201,0.84100440870258,-2.16645138511558,0.0302767109640322,0.999699094339132
"4430",1342.17665292701,-0.27426727465561,0.12659784443593,-2.16644505976888,0.0302771938496564,0.999699094339132
"8728",492.759051727006,-0.333932776605598,0.154193637356951,-2.1656715693953,0.0303362930653189,0.999699094339132
"6590",115.851011100866,-2.37978662846141,1.0989045700655,-2.16559899129327,0.0303418435420188,0.999699094339132
"9456",2589.16423607893,-0.319859227504407,0.147919609848312,-2.16238555410209,0.0305884701225849,0.999699094339132
"375611",22.3609629477846,0.702528557585701,0.324966780385625,2.16184730252132,0.0306299480343965,0.999699094339132
"152756",93.5117271810028,0.371195375731496,0.171794904799641,2.16068908542083,0.0307193645916135,0.999699094339132
"84072",19.2868037267967,-0.733642664652999,0.339631020228401,-2.16011677661136,0.0307636305969087,0.999699094339132
"441282",7.41735035262651,0.991198589802941,0.45899049282589,2.15951878153375,0.0308099418419494,0.999699094339132
"202309",8.66863226444581,1.04205823447963,0.482889672105846,2.15796339137943,0.0309306781835831,0.999699094339132
"11054",1075.3065409373,-0.44943097882289,0.208687869693347,-2.15360375034399,0.0312712599166956,0.999699094339132
"346171",115.725631245046,0.55359363252086,0.257381840297835,2.15086515769822,0.0314868443520796,0.999699094339132
"389400",3.29810408320124,1.26786560465427,0.589708898384407,2.14998554054004,0.0315563585444451,0.999699094339132
"57560",2865.64836724476,0.273655419065273,0.127303338993269,2.14963269015074,0.0315842804964786,0.999699094339132
"79168",33.9211430487349,-0.919551002451033,0.427901930903727,-2.14897605278141,0.0316362982975665,0.999699094339132
"117531",46.1698277565136,0.506031935313938,0.235618251270242,2.14767715398051,0.0317394114974104,0.999699094339132
"5288",25.5295159934333,-0.686836635957084,0.319941470720483,-2.14675713783019,0.031812621295335,0.999699094339132
"25957",4831.90265769123,-0.701424038919407,0.326874792339561,-2.14584928344906,0.0318850052046564,0.999699094339132
"9588",2159.90029786575,0.33867573607416,0.158060205667004,2.14270084392824,0.0321371275779303,0.999699094339132
"142827",58.7201859050842,0.677244416804529,0.316599482101584,2.13912041898801,0.0324259171117853,0.999699094339132
"114789",1035.08329791174,-0.216198266956092,0.101075816574685,-2.13897126219448,0.0324379958671547,0.999699094339132
"84874",794.402105831307,-0.602854189830501,0.282220589306382,-2.1361098823872,0.0326704584442649,0.999699094339132
"114902",75.9799354316159,0.511392305275178,0.239841753126113,2.13220716830851,0.032989819438162,0.999699094339132
"25923",841.853458843745,0.390826167911988,0.183425879244695,2.13070352733932,0.0331135743125877,0.999699094339132
"387332",0.996830454971679,2.29091011820409,1.07542445301689,2.13023807648914,0.0331519629788469,0.999699094339132
"285596",1931.40018322725,-0.975552267933317,0.458664445276241,-2.12694111780513,0.0334249758992661,0.999699094339132
"162699",65.6614283358992,1.0396763780401,0.488905542601562,2.12653833398529,0.0334584609044155,0.999699094339132
"2975",4774.69623878667,-0.248033882584191,0.116644003693405,-2.1264177731428,0.0334684891807452,0.999699094339132
"199675",8.0816177658151,-1.03778291569064,0.488204436674402,-2.12571381522035,0.0335270959041912,0.999699094339132
"2131",528.489495161547,-0.257532489145081,0.121188166196618,-2.12506300926491,0.0335813556316443,0.999699094339132
"4495",292.805670436087,0.711086812524871,0.334845164517188,2.1236287331495,0.033701200939494,0.999699094339132
"4494",304.437218265724,0.831993386702422,0.391966385728723,2.12261412456485,0.0337862003807649,0.999699094339132
"639",104.741459910099,-0.376471161040603,0.177435849475556,-2.1217311053732,0.0338603249756707,0.999699094339132
"84318",256.220965749465,0.231718644270475,0.109224364940068,2.12149225493434,0.0338803990304094,0.999699094339132
"285313",119.717804330041,-0.468997942649958,0.221112511715202,-2.12108278727365,0.0339148361908155,0.999699094339132
"7169",428.498528464764,-0.863790286579436,0.408550345277972,-2.11428113221083,0.0344912628856252,0.999699094339132
"64231",136.61178199783,0.737712182007994,0.3492828817825,2.11207654449945,0.0346798844568424,0.999699094339132
"9720",1963.04881625455,-0.916355254310227,0.434003794019418,-2.11139917884964,0.0347380155999103,0.999699094339132
"3274",207.801899070124,-0.419171231145891,0.198726350572099,-2.1092886269947,0.0349196758761902,0.999699094339132
"5523",1153.75116605385,0.247289921532949,0.117364912959602,2.10701746626838,0.0351160655989759,0.999699094339132
"154215",894.442848926167,0.39200897512634,0.186068095720269,2.10680382151961,0.0351345881137391,0.999699094339132
"339010",1.03981701472445,2.68971813343419,1.27700011688565,2.10627869008648,0.0351801512619145,0.999699094339132
"55501",146.665597370505,-0.439367326393987,0.208758876828737,-2.10466416120086,0.035320552251449,0.999699094339132
"5648",225.54553743564,0.349295855573207,0.165973115213438,2.10453274389662,0.0353320014429391,0.999699094339132
"6833",2083.66189366869,-0.652325783839428,0.309978159046803,-2.10442498866811,0.0353413915364524,0.999699094339132
"58495",26.0768977135818,-0.615909252957438,0.292766698240085,-2.10375447979523,0.0353998694327961,0.999699094339132
"730112",15.1808201595614,-0.708198778748214,0.336689221498215,-2.10341981129315,0.0354290881563028,0.999699094339132
"145864",25.3723199177716,-0.73715037455639,0.35049716496011,-2.10315645389111,0.0354520954256757,0.999699094339132
"340706",95.6009791160389,-0.656707880283007,0.312265355942193,-2.10304431082831,0.0354618962690694,0.999699094339132
"79877",614.748935352708,0.32677361612172,0.155417788734118,2.10254964237556,0.0355051558557243,0.999699094339132
"30818",963.617752279709,-0.308746974287531,0.146983838769613,-2.10055048821708,0.0356804442048354,0.999699094339132
"285782",3.20901651661329,1.35614000033838,0.646352681353163,2.0981424529705,0.0358925633478979,0.999699094339132
"54363",0.928756192006229,-3.40320505434067,1.6221294747938,-2.09798607769782,0.0359063752478036,0.999699094339132
"117248",1510.92876983497,0.438953017509513,0.209298460949105,2.09725869707304,0.0359706809802096,0.999699094339132
"5304",19.2010931778685,0.847863332039891,0.405195642152423,2.09247890114511,0.0363956972125299,0.999699094339132
"3430",121.121968420956,0.434247736334687,0.207614653723816,2.09160446310478,0.0364739129595226,0.999699094339132
"5797",2938.88674808947,-0.22086117071383,0.105601443395259,-2.09145977188173,0.0364868689378262,0.999699094339132
"2073",2197.65255046802,-0.452715197459628,0.216501793199983,-2.09104594824975,0.0365239452871724,0.999699094339132
"441046",31.9181583247549,-0.516899943710909,0.247579432463987,-2.08781455941861,0.036814565708419,0.999699094339132
"6676",83.6043342265678,-0.571895007591406,0.274193773691831,-2.08573301972263,0.0370028136563517,0.999699094339132
"51393",242.869365614338,-0.528896683086153,0.253663702308583,-2.08503100078051,0.0370664866199091,0.999699094339132
"3078",43.2398446223058,0.809276672290329,0.388310517515911,2.0840967107134,0.0371513712031068,0.999699094339132
"94235",10.7782042889465,-1.48504832809746,0.713479067055796,-2.08141821767187,0.0373956426111701,0.999699094339132
"130497",18.5314278298841,-0.956938634071257,0.459823869839977,-2.0810982135492,0.03742491734041,0.999699094339132
"7168",1416.46839667528,-0.228260582674373,0.10971536244394,-2.0804796847935,0.0374815570917011,0.999699094339132
"4166",422.861299474066,0.563791683571122,0.271151880709555,2.07924681214005,0.0375946710179579,0.999699094339132
"10082",196.192546236545,-0.376323888378564,0.181205292060482,-2.07678199736549,0.0378216845198949,0.999699094339132
"2346",1212.61869440641,0.479090823045906,0.230860239604118,2.07524181672625,0.0379641288478188,0.999699094339132
"127077",1.61128849517117,1.81704125304956,0.875909918620329,2.07446132806857,0.0380364867316603,0.999699094339132
"7138",83.5713691377287,-0.547966982736985,0.264208036299246,-2.07399816603743,0.038079481184654,0.999699094339132
"1188",7.33924341833966,-1.03409194333961,0.49921163543645,-2.07145000223308,0.0383167622282872,0.999699094339132
"1767",341.753384527395,-0.296494158664496,0.143364824267281,-2.06810952533049,0.0386297252055204,0.999699094339132
"2766",260.573132838403,0.606535061706445,0.293390848587515,2.06732781416501,0.0387032750844429,0.999699094339132
"65990",324.175466091859,-0.325416714354111,0.15744429724345,-2.06686885490004,0.0387465131983459,0.999699094339132
"22944",572.650259679149,-0.470994066219044,0.227931203252241,-2.06638696018209,0.0387919562026281,0.999699094339132
"79830",391.537643915251,0.235217485927983,0.113874316546658,2.06558856343701,0.0388673452245357,0.999699094339132
"55238",300.503597038125,-0.256926682525255,0.124393204080785,-2.06543986404916,0.0388813999813756,0.999699094339132
"4317",10.4167778910645,-2.86783598955757,1.38964519632905,-2.06371813260922,0.0390444491078394,0.999699094339132
"4681",1368.44260731191,-0.259632179827221,0.12588167569228,-2.06250972112808,0.0391592330110879,0.999699094339132
"160335",2275.53596194561,0.359480409822997,0.174293898668028,2.06249566146712,0.0391605701868426,0.999699094339132
"55314",7104.59846834364,0.57514619733613,0.278892788288077,2.06224836743374,0.0391840959832799,0.999699094339132
"26040",964.657946289257,-0.486855290171724,0.236330235019008,-2.0600634960337,0.0393924710488997,0.999699094339132
"146760",297.925442464309,-0.268256482512686,0.130406776841003,-2.05707470892985,0.0396790400677949,0.999699094339132
"259290",113.276521381687,0.313186994267414,0.152258874017488,2.05693754330169,0.0396922340483719,0.999699094339132
"7422",811.26645489754,-0.777051427461947,0.37793617954617,-2.05603874282435,0.0397787819542805,0.999699094339132
"9463",1148.30238863146,-0.51106078362454,0.248623912968955,-2.05555763933437,0.0398251744622536,0.999699094339132
"29968",1765.71629246911,0.407469894648509,0.198265711716315,2.05517076614604,0.0398625136963066,0.999699094339132
"400506",362.85356413606,-0.64508812580271,0.314323106429354,-2.05230895409115,0.0401396463616322,0.999699094339132
"85452",218.563555563458,-0.680448050990315,0.331695384543062,-2.05142453799196,0.0402256214713575,0.999699094339132
"1826",2151.95044833062,-0.400347971613961,0.195183192822448,-2.05113957725933,0.040253356079056,0.999699094339132
"401052",35.0650735207698,0.399875500441557,0.194979478291061,2.050859423496,0.0402806386423165,0.999699094339132
"11062",177.975350910703,0.341726115911449,0.166631863149697,2.05078494264001,0.0402878945425319,0.999699094339132
"2897",710.239271740237,-0.445328489429416,0.217576893682874,-2.04676370680472,0.0406812907403405,0.999699094339132
"118433",115.799319348636,-0.614488609259724,0.30040147179302,-2.04555791818195,0.0407998853333886,0.999699094339132
"9781",2368.78173039723,0.153900685949729,0.0752369959917603,2.04554533206753,0.0408011247764043,0.999699094339132
"84958",19.2605264154228,-1.08138003250078,0.529565657150746,-2.04201314397726,0.0411502275382951,0.999699094339132
"153218",24.0524030901594,0.467499454216243,0.229458723730709,2.03740109164425,0.041609864568683,0.999699094339132
"6279",155.903947915383,-1.73259569588998,0.850963241690404,-2.03604058437148,0.0417462801413551,0.999699094339132
"79639",724.687356877767,-0.296319336315962,0.145549637263493,-2.03586447817473,0.0417639656308418,0.999699094339132
"552900",20.8949639451764,0.810820200466567,0.398554120962436,2.03440425734047,0.041910852976759,0.999699094339132
"115361",382.501005557029,-0.993062920195913,0.488158027305952,-2.03430623824099,0.0419207286093028,0.999699094339132
"2329",62.0608036914464,0.458869113957492,0.225605234434128,2.03394710724884,0.0419569286486727,0.999699094339132
"7434",150.055077021315,-0.365966223400666,0.180007719137324,-2.03305849968288,0.0420466131194064,0.999699094339132
"7039",326.794847583328,0.395001092978153,0.194318748802027,2.03274823151822,0.0420779657314953,0.999699094339132
"114792",1345.34075821224,0.352964014627615,0.173652740961407,2.03258533480942,0.0420944343693596,0.999699094339132
"2331",58.2470927254242,-1.00659710999136,0.495365872818144,-2.03202756836037,0.0421508651212408,0.999699094339132
"5251",61.0998239659026,0.3599620604934,0.177145504300933,2.0320135242151,0.0421522868314212,0.999699094339132
"164395",130.426168765303,0.450443692032023,0.221870789044202,2.03020728403451,0.0423354737511507,0.999699094339132
"1159",201.258494546558,-0.698567238144489,0.344100231285028,-2.03012719734514,0.0423436116238015,0.999699094339132
"8379",835.872517355975,-0.53123666906266,0.261837746521061,-2.02887733384892,0.0424707859444259,0.999699094339132
"645090",49.876604195186,0.607156419170152,0.299303090422379,2.02856715683533,0.0425023966178953,0.999699094339132
"88",1743.95899330866,-0.552282350452744,0.272306337542611,-2.02816561464098,0.042543348025789,0.999699094339132
"1950",175.909524771427,0.532421249071707,0.262651411118573,2.02710218385748,0.0426519635915227,0.999699094339132
"148170",13.1776944968298,-0.676385697095689,0.333859533866637,-2.02595890931148,0.0427689956172043,0.999699094339132
"7726",527.252546838399,-0.225067348461155,0.111147262008225,-2.02494730319583,0.0428727756092325,0.999699094339132
"57480",1053.04205095227,-0.473439016796733,0.233885907274489,-2.02423062729087,0.0429464276754887,0.999699094339132
"124152",825.75088945378,0.325502181777472,0.160816733936363,2.02405666257516,0.0429643219785773,0.999699094339132
"1382",67.9266980720174,-0.627629306788709,0.310335876846311,-2.02241942880337,0.0431330395716537,0.999699094339132
"11267",574.702374218992,-0.147017236872593,0.0726962600669767,-2.02234938547241,0.0431402700367812,0.999699094339132
"55756",304.195130536435,0.199661854718568,0.0987374421246085,2.02214935309537,0.043160924710735,0.999699094339132
"8659",1125.58200657088,-0.326009226056466,0.161261646253862,-2.02161663129282,0.0432159725497958,0.999699094339132
"349136",61.2237675190272,-0.716460324650261,0.35459784750734,-2.02048695356345,0.0433329020643232,0.999699094339132
"5770",766.860236503333,-0.22311648003129,0.110428264050438,-2.02046533964693,0.0433351418587958,0.999699094339132
"2209",167.86188982151,0.72553256034959,0.359409210794721,2.0186810425512,0.0435203816123893,0.999699094339132
"5580",316.089628593736,-0.410229696737812,0.203615413648788,-2.01472810621994,0.0439331455833906,0.999699094339132
"3834",44.1863984502529,-1.63117843900351,0.810133814456312,-2.01346791097494,0.044065427503008,0.999699094339132
"56850",4229.57150048475,-0.469712469298691,0.233334736863206,-2.01304133115021,0.0441102814279649,0.999699094339132
"6337",4.59619157007052,-1.40302506124641,0.697107098266779,-2.01263918375635,0.0441526016227284,0.999699094339132
"9904",1823.26439177084,-0.767354993911659,0.381439633628779,-2.01173377452028,0.0442480083005489,0.999699094339132
"4210",29.8049914605928,-0.557250327361233,0.277108357923478,-2.01094738367695,0.0443310146569706,0.999699094339132
"284001",1338.02623159646,-0.770810599028315,0.383505666828613,-2.00990667335507,0.0444410673333048,0.999699094339132
"11339",19.1376040391758,0.541272869725691,0.269437573820483,2.00889898929361,0.0445478471445122,0.999699094339132
"6280",283.414637074303,-1.72600852869707,0.859305231319209,-2.00860935764035,0.0445785781454539,0.999699094339132
"23645",380.796896900133,-0.277553783806929,0.138210056282194,-2.00820252355752,0.044621774966281,0.999699094339132
"54776",2441.01048521934,-0.481841580379634,0.239942540287292,-2.00815403472309,0.0446269257670964,0.999699094339132
"9645",3916.61179875022,-0.385329737745754,0.191955440760775,-2.00739159160366,0.0447079834304274,0.999699094339132
"83463",25.3068627401019,-0.926995868197268,0.461914631729411,-2.00685538954804,0.0447650630649616,0.999699094339132
"8464",855.509456260287,-0.22356605626572,0.111444751117063,-2.00607075725696,0.0448486993018306,0.999699094339132
"7477",32.3206477541157,-0.585498115829929,0.291924458267476,-2.00564940431769,0.0448936668984785,0.999699094339132
"57582",3174.88071870931,-0.629820136643763,0.314127756858624,-2.00498084900921,0.044965094434484,0.999699094339132
"83539",93.8734474995846,0.342514661233854,0.17091051227547,2.00405847875406,0.0450637965059878,0.999699094339132
"164237",5.02796512470242,1.05800542120858,0.528015694226618,2.00373858727483,0.0450980704633695,0.999699094339132
"6809",786.84569824922,-0.406957570815639,0.203227564492206,-2.00247231143316,0.0452339581337525,0.999699094339132
"3096",1841.41404827268,-0.300235737849364,0.150031958569882,-2.00114522739847,0.0453767415702869,0.999699094339132
"92305",549.13369940825,-0.24777356083241,0.123893439561322,-1.99989250205434,0.0455118729802126,0.999699094339132
"56832",66.0394860654169,0.403332360878541,0.201710394980053,1.99956160374593,0.0455476235290389,0.999699094339132
"55601",450.175021631758,0.338255501299139,0.169296390042784,1.99800776149838,0.0457158186697039,0.999699094339132
"5743",201.369409261559,-0.653085866664585,0.327025514296213,-1.99704866475046,0.0458198967338967,0.999699094339132
"199",50.7015014208578,0.613270833275644,0.307144932091728,1.99668224736488,0.0458597118212894,0.999699094339132
"10142",9463.58034413313,-0.406508849454412,0.203609381418937,-1.99651335621908,0.0458780734237168,0.999699094339132
"1290",2753.58889969472,-0.702032594993346,0.351886801025147,-1.99505236612491,0.0460371688089938,0.999699094339132
"83547",155.808798169265,-0.341254326218101,0.171216792421121,-1.99311248267494,0.046249131427073,0.999699094339132
"146754",328.199416013139,-0.780262773917605,0.391974943309006,-1.99059349898929,0.0465255955513752,0.999699094339132
"9414",2899.10124700829,0.41067711595332,0.206363741198079,1.99006430862837,0.0465838518563726,0.999699094339132
"6300",455.786634383718,-0.53528308657785,0.269286376874369,-1.98778375939744,0.0468356106510232,0.999699094339132
"23446",7808.29858946794,0.479531710003792,0.241358112365034,1.98680585170695,0.0469439159111051,0.999699094339132
"64374",597.592626128247,-0.340572938461892,0.171437362549852,-1.98657359980592,0.0469696692216502,0.999699094339132
"55437",266.91822241286,0.282649302047806,0.142314142380252,1.98609426526698,0.0470228579337126,0.999699094339132
"84752",243.115556351226,0.224812755093541,0.113252199828704,1.9850630313016,0.0471374592032588,0.999699094339132
"1293",136.286578037089,-0.737016763782842,0.371310020721706,-1.98490943592183,0.0471545483781728,0.999699094339132
"203062",465.659436447116,-0.582714841963451,0.293720052270873,-1.98391235960309,0.0472656108418522,0.999699094339132
"64800",721.898112462218,-0.333596924595304,0.168208567163257,-1.98323385200426,0.047341314255154,0.999699094339132
"10633",163.173307762394,-0.432435261444854,0.218123862829505,-1.98252156291063,0.0474208964645131,0.999699094339132
"7368",1923.16920306944,0.5259871771275,0.265338673194478,1.98232383841756,0.0474430076449486,0.999699094339132
"5600",1059.0416929941,-0.406234864546096,0.205081108531726,-1.98084975966107,0.0476081246415668,0.999699094339132
"55515",93.9093094311889,-0.390949131225405,0.197486071863004,-1.97962887983617,0.0477452454009342,0.999699094339132
"150353",42.9124021452395,0.42644905393997,0.215420503805322,1.97961218364505,0.0477471228998731,0.999699094339132
"692086",1271.95941080005,-0.625641924514532,0.316157634137781,-1.97889235292632,0.0478281274243681,0.999699094339132
"89883",21.2825167807756,0.766587187785577,0.387495261342707,1.97831370925487,0.0478933274966909,0.999699094339132
"445328",1.63192752110602,-1.78950949993936,0.904725290023835,-1.97795896685083,0.0479333358746168,0.999699094339132
"366",88.6680684900761,-0.617792032498534,0.312463872605542,-1.97716307919682,0.0480231994743332,0.999699094339132
"2804",8681.24721836812,-0.362548177977298,0.183422172337911,-1.97657771334968,0.0480893833880717,0.999699094339132
"284541",22.1951414217412,-0.589518256843475,0.298326139604502,-1.97608649924212,0.0481449812350118,0.999699094339132
"124404",23.9851353535707,-1.36029467293158,0.688414757801918,-1.97598127802336,0.0481568976714851,0.999699094339132
"25932",3245.36768710528,0.503143325012427,0.254635172942653,1.97593804185779,0.0481617949403227,0.999699094339132
"3890",1.02715833607789,-2.48212011026292,1.25622726999646,-1.97585275335562,0.0481714566149461,0.999699094339132
"346653",80.2102282382425,-0.658154578220391,0.333150348207248,-1.97554822248291,0.0482059678498295,0.999699094339132
"7054",8.8410552763183,-1.06915975398654,0.541346477904506,-1.97500084996423,0.0482680515531962,0.999699094339132
"8510",3.47624787441743,1.49438802769665,0.756670210022936,1.97495290273334,0.0482734929884865,0.999699094339132
"64780",1079.97045425187,-0.687123984950929,0.348038215904511,-1.97427740274204,0.0483502089159687,0.999699094339132
"83853",31.9452599725589,-0.528190988579951,0.267592156878798,-1.97386573186892,0.0483970122092555,0.999699094339132
"10561",328.678539430111,-0.786110843498114,0.398418907414863,-1.97307614891769,0.0484868872116322,0.999699094339132
"374887",950.441521278824,-0.285622094723689,0.144770401210783,-1.97293156843455,0.0485033593911162,0.999699094339132
"79041",394.621798987709,-0.344816454207502,0.174875876775016,-1.97177827248935,0.0486349237302308,0.999699094339132
"389558",6.0012271200432,-0.937835625750913,0.475740973455957,-1.97131564880387,0.0486877825146857,0.999699094339132
"51090",999.445969120136,0.467026823916859,0.236926225074454,1.97119092143597,0.0487020419553584,0.999699094339132
"83540",36.1870301903072,0.597607576940695,0.303319254801354,1.97022631264234,0.0488124391978893,0.999699094339132
"326342",29.0087944446891,1.24782445585454,0.633718699217212,1.96905102752356,0.0489472317060058,0.999699094339132
"85329",3.34891062623967,1.39354293804248,0.707882733523116,1.96860704753576,0.0489982326565345,0.999699094339132
"157695",89.7109172586173,-0.725949417659377,0.36876993912734,-1.96856994194611,0.0490024970755035,0.999699094339132
"56952",660.474523125343,0.26868056644774,0.136512865191669,1.96817029714015,0.0490484466399656,0.999699094339132
"83449",74.0076170202879,-0.792338679751284,0.402961994069516,-1.96628637790242,0.0492655394574803,0.999699094339132
"9635",14.1132247748743,0.913076366546218,0.464467247431115,1.96585738089452,0.0493150873286293,0.999699094339132
"79853",12.1269998234936,0.534415593354318,0.272185297250906,1.96342564698373,0.0495967361662378,0.999699094339132
"375449",2630.89733935692,-0.236013188077666,0.120265231465462,-1.96243906241052,0.0497113886990631,0.999699094339132
"2348",4.32741728570974,1.56756779753772,0.798850230489198,1.96227995900781,0.0497298991511109,0.999699094339132
"8082",345.40207122512,0.456811976138509,0.232859859927109,1.96174633224251,0.0497920247138507,0.999699094339132
"8720",2693.89051470925,-0.114231925510878,0.0582390992949506,-1.96143015420539,0.049828865291999,0.999699094339132
"9076",39.1315532455984,-0.430358464917382,0.219557158072871,-1.9601204018798,0.0499817191577381,0.999699094339132
